7fa7451d-6f3e-3d63-9eaf-1b513229a57a.jpg,airport,0 0 500 500
098a9318-9f5a-3975-9005-07b860da7bbf.jpg,airport,0 0 500 500
9fea314d-f306-3948-9010-a3a161f8c409.jpg,airport,0 0 500 500
2fb950f5-ecf5-3ab2-95e1-fe396d1ea568.jpg,airport,0 0 500 500
fa5b6a2d-dcaa-30a7-a49d-b4babe1b5f41.jpg,airport,0 0 500 500
097f6b43-6c38-3234-b85c-65886ba36747.jpg,airport,0 0 500 500
7cd1cd0d-e3b4-31a7-a9bd-a653794f9f2a.jpg,airport,0 0 500 500
29867bd8-c64b-3278-9e9d-6025e4c1c046.jpg,airport,0 0 500 500
8d61e564-5d00-3c5f-80c6-1bc45e6c93e7.jpg,airport,0 0 500 500
abbd598b-131f-33f9-b0d2-e7f16eb59344.jpg,airport,0 0 500 500
d9ee38f0-a3a8-3581-91a1-3cb20a284daa.jpg,airport,0 0 500 500
d2f70e08-f74f-3037-8e42-30a1fc40ff57.jpg,airport,0 0 500 500
9f69ae58-de69-315c-880b-89fa94b0be8e.jpg,airport,0 0 500 500
16ad2c5c-d507-3562-9036-0cf7a2f989ff.jpg,airport,0 0 500 500
9c93c4f8-d7d5-3082-bd0e-ce93dfbbad35.jpg,airport,0 0 500 500
b6931d7b-0c6d-3acf-bd8a-2f1fd7b2f79c.jpg,airport,0 0 500 500
3b33ece8-1e91-3cda-a73e-e89007b49b5d.jpg,airport,0 0 500 500
8485787f-e5fb-3e5e-ae6a-df575b21153f.jpg,airport,0 0 500 500
a2e11270-25e0-38ca-af25-e4dab04d65ec.jpg,airport,0 0 500 500
17c0f8a8-baa8-39d2-81e0-01bbdd5c9cba.jpg,airport,0 0 500 500
ed9f053e-3525-34b9-a662-37570c795968.jpg,airport,0 0 500 500
70b100bb-de1c-33ff-9141-0d565b80aa1d.jpg,airport,0 0 500 500
2b838f5f-ae73-3555-a8c7-f8be516e7581.jpg,airport,0 0 500 500
280615da-aae8-37e3-b242-93395c4d2ebb.jpg,airport,0 0 500 500
84b6b76b-533b-3efa-aed0-acd78e550762.jpg,airport,0 0 500 500
c33916e4-34d1-3bf0-9acd-b29116245530.jpg,airport,0 0 500 500
b8e2b2b7-4b7b-3d5e-8605-ab336d9d4225.jpg,airport,0 0 500 500
859eec6d-78ea-3425-8b31-1248347a1c0d.jpg,airport,0 0 500 500
49ea80a1-f5fd-3aeb-a857-3829ad286af7.jpg,airport,0 0 500 500
482996b0-b128-38f0-a995-d9a2a7623695.jpg,airport,0 0 500 500
beead41c-4074-3a59-9134-bd8718c73701.jpg,airport,0 0 500 500
56fc6634-475e-3f65-b14e-27d5fbe5aa02.jpg,airport,0 0 500 500
8a941fd1-4ff6-378e-9932-bc21c796730d.jpg,airport,0 0 500 500
8ed7c8db-816c-3a57-9dfd-cefc1d6ed35a.jpg,airport,0 0 500 500
cfb20fa2-8f2c-3bb2-9c3d-3c645aff5ff8.jpg,airport,0 0 500 500
12f8aa97-997e-3762-8ea4-dfdf87a820e1.jpg,airport,0 0 500 500
c9bf303b-9bc3-30ea-b405-584001dd3f7b.jpg,airport,0 0 500 500
d076a709-2a30-35b6-b7b8-775f836529d1.jpg,airport,0 0 500 500
bcc645dd-d11e-376a-8469-f5fa03c7fe54.jpg,airport,0 0 500 500
e3f3ca4f-224f-3123-8cbb-17f6835c9164.jpg,airport,0 0 500 500
1019b1f5-83b0-382f-a001-ba642ebec84c.jpg,airport,0 0 500 500
85ce390f-0f8f-333e-96a4-77393358f759.jpg,airport,0 0 500 500
7b336301-e67a-33a5-9281-0fa8118ca243.jpg,airport,0 0 500 500
645087d9-c19a-36ef-af5e-75efd04d123e.jpg,airport,0 0 500 500
480b4d96-4060-35e5-9280-fce25b758e65.jpg,airport,0 0 500 500
c1813ea8-8c79-30a0-a37d-4dd4efd319b9.jpg,airport,0 0 500 500
97df563c-367c-3701-9d64-dba8939008ae.jpg,airport,0 0 500 500
30f8ee18-8d05-31a4-8c7a-0b7054d1531b.jpg,airport,0 0 500 500
fe82203f-3cf9-341a-ab6c-eb1fca098d75.jpg,airport,0 0 500 500
c0418ab5-5c7d-37aa-9024-7a620d0d38f2.jpg,airport,0 0 500 500
b0163193-b584-3621-ba1b-50663f2fccaa.jpg,airport,0 0 500 500
cc5a0123-f2b7-3e86-af1b-d47b84a46f8f.jpg,airport,0 0 500 500
f3a44290-0bfe-3c62-8116-d3a7a8ebe197.jpg,airport,0 0 500 500
d2f71e44-d5d5-31d4-bb4e-e14641d8e7b9.jpg,airport,0 0 500 500
43e15807-79ff-3b51-942a-c3a8fa55e1fa.jpg,airport,0 0 500 500
c229481b-7ad9-3ff5-9c39-ec1256a06b0e.jpg,airport,0 0 500 500
d7645361-3dae-324d-8724-6653aaae4c37.jpg,airport,0 0 500 500
6f13843f-3256-3d8a-bd0a-b97491335e6d.jpg,airport,0 0 500 500
836705fc-289b-320b-b6e0-e08d2bd0696f.jpg,airport,0 0 500 500
ce620885-81b7-36b0-afa6-19cc4d3a9dcb.jpg,airport,0 0 500 500
fd9f49ac-c937-35b6-9c49-b3b1bc8d39f3.jpg,airport,0 0 500 500
96d48938-1a83-3ff1-857f-418b05fb674b.jpg,airport,0 0 500 500
7bdd1af3-de07-3101-97dc-c81198f30777.jpg,airport,0 0 500 500
df564474-8855-3d3d-9f0f-6ca61019049d.jpg,airport,0 0 500 500
00627f65-0a2d-31f7-866f-632d7e1ca5eb.jpg,airport,0 0 500 500
0d521751-9e19-3f18-85f1-1c8bf080787f.jpg,airport,0 0 500 500
5c3cf307-f5aa-30b9-99e0-94e6ab7e8db5.jpg,airport,0 0 500 500
228e25cd-5577-3c78-bcfe-0e835023ffad.jpg,airport,0 0 500 500
b0a1db7b-8a09-3910-a3f5-b9129e4114cb.jpg,airport,0 0 500 500
2e3ad8cb-4120-3dff-9366-48707c75c4ee.jpg,airport,0 0 500 500
b0f75184-c975-3209-b243-4644eaf53092.jpg,airport,0 0 500 500
04cee213-41f0-3cc5-8a42-e7b46568c435.jpg,airport,0 0 500 500
4e5a13cd-cfe8-35fa-b1ed-bb1e393a2d30.jpg,airport,0 0 500 500
3d05ab2f-a97f-3d27-b2a5-e602191d28ec.jpg,airport,0 0 500 500
2d471ee7-f3d5-31a6-b23f-e435740ba684.jpg,airport,0 0 500 500
2a8fe62a-5965-3d69-a40f-8ae0cd8ce5cc.jpg,airport,0 0 500 500
d6d585ef-d277-38d8-a3a0-636f6f1703be.jpg,airport,0 0 500 500
6c3c6415-129f-39e6-9279-3f896541eb9e.jpg,airport,0 0 500 500
89982af3-95dd-37e3-978a-809683db5257.jpg,airport,0 0 500 500
d9469861-f74d-3f37-acc0-47767e63f3de.jpg,airport,0 0 500 500
a9b2755c-5e1b-3ac0-b566-9f3f7f8460c4.jpg,airport,0 0 500 500
cc826c13-403f-3d69-8a1a-d8158c56ba78.jpg,airport,0 0 500 500
0c7cea22-f450-3e10-aed6-18c3cd0a44ba.jpg,airport,0 0 500 500
fc1cfc0f-f969-3285-a297-46931f1d2320.jpg,airport,0 0 500 500
c6b8eb96-cc17-3639-9368-f6b6e8773c12.jpg,airport,0 0 500 500
e8744fea-2b3b-31de-a96c-7d06ab5c0657.jpg,airport,0 0 500 500
353e7f3d-aea0-3ad4-b9c6-450275cb508f.jpg,airport,0 0 500 500
2725a252-c565-3768-8ac8-8b5e77521c91.jpg,airport,0 0 500 500
e358c6c6-7587-3204-9477-1ced7995b6c6.jpg,airport,0 0 500 500
a0afca40-c40f-3960-b667-1e6c257f1a0f.jpg,airport,0 0 500 500
c3dfb756-0b0a-396d-a38f-c87d0b70a630.jpg,airport,0 0 500 500
07c7b01f-7545-3a9d-ba89-a89f28ee09cb.jpg,airport,0 0 500 500
c798a75f-260a-3dd4-a248-a051034a1d99.jpg,airport,0 0 500 500
d73bd5f7-83c2-343f-b748-7b541f4118c5.jpg,airport,0 0 500 500
d6840f49-19c4-3311-8135-3c78375c6823.jpg,airport,0 0 500 500
3294f9f7-00d1-3685-8601-6d136ad5e5ed.jpg,airport,0 0 500 500
62cd4f79-6794-361b-87b2-bace95e71bdd.jpg,airport,0 0 500 500
18f9553b-4607-3d47-9691-95ede50d65b1.jpg,airport,0 0 500 500
d1651b9f-9561-3cc3-813c-c4684673e798.jpg,airport,0 0 500 500
14105f6f-23a2-3807-aa18-6033b31cf614.jpg,airport,0 0 500 500
e41f4c33-95f7-324d-896e-570f247e3206.jpg,airport,0 0 500 500
1de7d379-a6b0-3976-99ed-348b5650b7cc.jpg,airport,0 0 500 500
e5b7cddc-6d08-3625-bb90-299c5a8bfe5e.jpg,airport,0 0 500 500
70ee57de-bc25-3dfd-87e5-6ba3140d04c1.jpg,airport,0 0 500 500
176de6bc-6312-3869-9ed2-f3b7f6543a75.jpg,airport,0 0 500 500
fa4b8c79-f8dd-362d-b0f1-6d80b525013b.jpg,airport,0 0 500 500
abf486cf-c4e0-303a-b985-98189b9d271e.jpg,airport,0 0 500 500
5cbaf3d4-1bc4-334c-9bc0-c00372a44c6f.jpg,airport,0 0 500 500
5b93ea78-1aa4-3f1f-8a45-8342ef712963.jpg,airport,0 0 500 500
7747cb7b-7c62-3b36-83fd-076d6b7d09f8.jpg,airport,0 0 500 500
9e29e9ea-32d4-3d32-8671-24c0f35d874c.jpg,airport,0 0 500 500
2b53bc74-27d3-3999-aee8-bacee31daaf0.jpg,airport,0 0 500 500
d3c7d7a5-d462-3750-b6e3-bcc17a9cd7d5.jpg,airport,0 0 500 500
5d3980cc-65f1-3c93-994c-61e5ee7d5800.jpg,airport,0 0 500 500
cf6e9f1f-f564-3fe0-851e-ae547fb2fd36.jpg,airport,0 0 500 500
8f5dd575-53d9-3883-927e-e578eb66cf0f.jpg,airport,0 0 500 500
2256149e-211c-3b08-89f0-c26c5a126b3c.jpg,airport,0 0 500 500
c46e4560-d9e1-3b94-ac4b-b8d618370b76.jpg,airport,0 0 500 500
e8416a2a-f4f1-3be9-bf88-70f3c4bd2938.jpg,airport,0 0 500 500
76f532fc-c967-3af7-9128-e032773ad121.jpg,airport,0 0 500 500
7ea6b9b3-2a38-3d4a-b272-d724979aa974.jpg,airport,0 0 500 500
c21db52b-e0db-3895-8469-fbedfbb99390.jpg,airport,0 0 500 500
6d534cc9-7599-3a12-a1d1-4d5bf42773c5.jpg,airport,0 0 500 500
31bff9fd-1b65-35ef-8711-2e9b93d6c18f.jpg,airport,0 0 500 500
30f351f2-e554-3d96-b5d5-49840e598658.jpg,airport,0 0 500 500
5c553d4e-3372-38d1-ae18-032da66842e5.jpg,airport,0 0 500 500
98adad4c-21c7-3611-b029-34e2b46a94a6.jpg,airport,0 0 500 500
7922883a-7f9d-39ab-95b0-ee2f7fc31f06.jpg,airport,0 0 500 500
ee612158-3b48-3102-9b1f-4a491cfa5a15.jpg,airport,0 0 500 500
0b254e3c-cba0-3a68-b816-88103959cc7b.jpg,airport,0 0 500 500
3784a9b3-4933-35c9-9736-8e7e284d7f39.jpg,airport,0 0 500 500
6c88004c-1b53-3a56-9e8a-197d3d9f7cbe.jpg,airport,0 0 500 500
00ea4718-3346-3088-8100-28a2ca39a5c7.jpg,airport,0 0 500 500
a45a6b67-6b29-3337-a0fc-621831fceb0c.jpg,airport,0 0 500 500
4be230b4-1838-34ea-9082-1c63a2ab8628.jpg,airport,0 0 500 500
830fb3e7-91d4-38cd-98e9-f28b58415b5e.jpg,airport,0 0 500 500
815293a2-199e-3a0d-b17e-f7e879ebbc95.jpg,airport,0 0 500 500
4c3dbe57-82ba-3800-9b45-1a8ea5be30b9.jpg,airport,0 0 500 500
ead03152-aed3-3965-a71e-0fb3411864eb.jpg,airport,0 0 500 500
0bc76179-bf73-308e-a2a2-b46b34145a95.jpg,airport,0 0 500 500
d7c1c1a2-bcc9-3ebd-b7ce-21c31f0d4893.jpg,airport,0 0 500 500
da5c9485-a0b5-3630-bc6f-b6ad2d5fd601.jpg,airport,0 0 500 500
0cec10e8-3804-31fd-80da-d464f47850c2.jpg,airport,0 0 500 500
36a08227-63d6-3d71-acec-d24957f4a83f.jpg,airport,0 0 500 500
2dc3a29b-77b5-3489-a77d-b8b3e92951bd.jpg,airport,0 0 500 500
9203abaa-95d0-3f67-92f7-706b9138f5fa.jpg,airport,0 0 500 500
4da9b5c9-a005-3833-be55-5907acca4cfb.jpg,airport,0 0 500 500
cdeed328-f759-3608-b865-962e9495f164.jpg,airport,0 0 500 500
7174031a-c2ff-3386-8a7f-3f6109d76858.jpg,airport,0 0 500 500
77efb2cb-0f36-3a01-91aa-43544962fe91.jpg,airport,0 0 500 500
1c392523-0771-35c6-a3ef-27b0f5f0478a.jpg,airport,0 0 500 500
046030f9-deaa-3e1d-a551-38635749e3a6.jpg,airport,0 0 500 500
559c509d-628d-3e90-ac94-ed3a351c7b93.jpg,airport,0 0 500 500
7d24286f-2d0a-3ae4-a575-4cff89f4430d.jpg,airport,0 0 500 500
c54d4ece-d9ab-3339-bcba-8076f11ded2d.jpg,airport,0 0 500 500
c588ed17-61ad-390b-b130-5e9a79f8e1ce.jpg,airport,0 0 500 500
efcacea2-08b9-3041-848b-0af158844f54.jpg,airport,0 0 500 500
db62d361-f72f-3b45-bfec-e73af84b0fd5.jpg,airport,0 0 500 500
1878ab39-0ac5-3d20-abda-2ca29beacb17.jpg,airport,0 0 500 500
c8be6e34-4bea-375d-9131-39a7b3ef13bb.jpg,airport,0 0 500 500
a141cc5f-5a5b-3a12-b576-dc52dac91394.jpg,airport,0 0 500 500
1992d2f8-0ae1-3dc6-bc7f-a40e8f9ff21f.jpg,airport,0 0 500 500
b3635cff-8389-3bf8-bb95-bc616b2e686d.jpg,airport,0 0 500 500
c33befb4-3438-32e2-81fc-1b7536c61bb0.jpg,airport,0 0 500 500
cac606c5-3eaa-3f3a-be48-5a42013f3460.jpg,airport,0 0 500 500
383a028d-f2f7-3092-af8a-22885b941670.jpg,airport,0 0 500 500
9e1f8e77-b9a5-3534-bcab-879829a74491.jpg,airport,0 0 500 500
59453f50-f9dc-3026-a6a3-5ddaa22c1fdb.jpg,airport,0 0 500 500
b12fc111-1fa3-309e-8a67-6ec084c76b97.jpg,airport,0 0 500 500
491101c2-b59f-3a57-8336-48df7710d216.jpg,airport,0 0 500 500
4e22d29d-348c-3b74-807a-ab0974d0b398.jpg,airport,0 0 500 500
9f002e00-4ca2-34d9-aaba-92bee6eede2d.jpg,airport,0 0 500 500
2f30b2a5-71b6-3449-b1ba-3830b25059f2.jpg,airport,0 0 500 500
1f0a0671-e4d5-3e73-91b7-5b50181cd437.jpg,airport,0 0 500 500
be049871-192a-309b-bf5d-4f774f201623.jpg,airport,0 0 500 500
3833d0ad-eed3-3b83-a711-ebe4874e0ab0.jpg,airport,0 0 500 500
40799c26-e223-32b5-aa33-3def33392cac.jpg,airport,0 0 500 500
c1f8525f-bd1a-3921-a50c-b144a4b878b3.jpg,airport,0 0 500 500
bf5fa36e-747d-3054-8bf8-c9fa343fb4ce.jpg,airport,0 0 500 500
7ca1d530-85d5-3ed9-9abf-7a6bd400a4b6.jpg,airport,0 0 500 500
a6862c6c-1f3d-3036-a58c-a0053ffbdb4f.jpg,airport,0 0 500 500
c4a7aa13-faad-3b57-ac6b-bfe809b54707.jpg,airport,0 0 500 500
884312a8-6eb9-3c88-9c26-014b5587768c.jpg,airport,0 0 500 500
150ffcfe-6e26-31a3-a70a-a43557476fa6.jpg,airport,0 0 500 500
dd679f35-5307-3790-abd8-ed8168335651.jpg,airport,0 0 500 500
131222b1-0647-30b1-b7cc-03a8c0ed79a9.jpg,airport,0 0 500 500
3ac0bd01-a5fe-333e-8230-e9b35c6cd67e.jpg,airport,0 0 500 500
96ce0f82-424d-3086-8497-86d85b99da00.jpg,airport,0 0 500 500
e9129914-94c3-3f02-8af2-7dab73a22cf4.jpg,airport,0 0 500 500
2f8846bd-87a4-3aab-b0dd-825bd5c7d898.jpg,airport,0 0 500 500
27a5249b-0470-348e-831f-a90af45dd7d5.jpg,airport,0 0 500 500
30878b66-13a3-3b2c-886d-7206e08d1891.jpg,airport,0 0 500 500
6e5dbcdb-f6e1-3a22-9810-51fcfee32864.jpg,airport,0 0 500 500
979f3b4d-2644-37aa-9105-02ec263673dc.jpg,airport,0 0 500 500
b906ca9c-138b-3aa0-9839-9aa3e64f6c59.jpg,airport,0 0 500 500
d8674773-a501-3ee8-8763-c1d8548b6124.jpg,airport,0 0 500 500
f52b3713-b03e-39a5-8f2a-5e0c66b591a8.jpg,airport,0 0 500 500
eb5c0e51-6cb9-3aeb-bae2-2d552fd07521.jpg,airport,0 0 500 500
ac9c3317-18aa-3726-90fc-0e3762e4dcd4.jpg,airport,0 0 500 500
a719560b-7f63-368a-83ca-eaf384c862d5.jpg,airport,0 0 500 500
69d0865f-1cc5-33e1-8fdd-1dfc242c4845.jpg,airport,0 0 500 500
0e00f306-c1fe-3b98-b22d-b2714de5c9a1.jpg,airport,0 0 500 500
97586b66-77c7-323a-902b-fb1163a56295.jpg,airport,0 0 500 500
ae2c3d43-e364-35b6-b8a5-f889461dd779.jpg,airport,0 0 500 500
ee4c8446-79c8-3cc5-acac-90d404bfabb1.jpg,airport,0 0 500 500
db326873-bada-3a53-8bfa-4b9c4fb8a368.jpg,airport,0 0 500 500
ca143e1b-6318-3f26-aa74-b1d543cb9fe6.jpg,airport,0 0 500 500
a0fd1c25-0af4-31b0-b752-b9f629540d54.jpg,airport,0 0 500 500
4771fae6-ebd8-37cb-a660-6e1fb28f749c.jpg,airport,0 0 500 500
a210904d-ae6c-3295-b7e3-ca72b13d0733.jpg,airport,0 0 500 500
af7f5b94-ba82-30e3-b722-515e9c7e44e4.jpg,airport,0 0 500 500
2d325fc2-e2a6-3901-8060-218755527f2e.jpg,airport,0 0 500 500
29eec975-0997-385d-8a4c-b17032bf0d02.jpg,airport,0 0 500 500
94e1eefb-bb19-3336-9371-2edea3c60e65.jpg,airport,0 0 500 500
98bd4d36-7e38-3555-a473-94f8cf72b447.jpg,airport,0 0 500 500
1cbb9df5-f538-346a-9035-410a87ee88c1.jpg,airport,0 0 500 500
87f91942-f9fa-3f92-abd0-0df798bbfee2.jpg,airport,0 0 500 500
e4ea40fd-1479-3430-bce3-3caccdc7dc17.jpg,airport,0 0 500 500
3425bbc5-0744-3b95-86d4-1883edc4c39c.jpg,airport,0 0 500 500
642efb5e-94e6-345f-bde5-6c0180c613d7.jpg,airport,0 0 500 500
4da9c653-82e0-3e4a-bd6a-ecd14cac1e32.jpg,airport,0 0 500 500
98a0349e-1bd4-3b62-ad3b-f1cbac9064e9.jpg,airport,0 0 500 500
d679b4a2-2c03-35f1-991c-2301128a4fde.jpg,airport,0 0 500 500
ed2bff02-b422-37fb-958f-f792093b62d8.jpg,airport,0 0 500 500
67d19ce9-16c0-384f-9368-07e2fb1df94e.jpg,airport,0 0 500 500
36e4efde-0073-3c18-bf39-f231636d96e4.jpg,airport,0 0 500 500
1a5374e7-8569-31a6-a5b7-c3f85b2495dd.jpg,airport,0 0 500 500
0355ee79-3043-309c-9bfa-081a796a8b39.jpg,airport,0 0 500 500
70e3af30-4dab-3a71-a17d-86432579b86f.jpg,airport,0 0 500 500
986197da-c569-3f2e-a273-6c570d5fe336.jpg,airport,0 0 500 500
f698e7b1-bef8-3012-837c-cad39ed60d29.jpg,airport,0 0 500 500
fb824404-f6e0-3862-b5cb-ec96267f2d0d.jpg,airport,0 0 500 500
30120f43-686e-3580-b3cc-49824335225c.jpg,airport,0 0 500 500
213ca8c3-db8a-364b-8b39-743f354b9c08.jpg,airport,0 0 500 500
aa9c8ded-f296-3ced-9cbc-2548e86e2872.jpg,airport,0 0 500 500
0ae2134c-58a3-3e6a-a14c-36248ca36ab3.jpg,airport,0 0 500 500
3d363749-a90a-3976-ad7a-2b35192c88d7.jpg,airport,0 0 500 500
a60538c9-8fba-3a49-815b-61127f710874.jpg,airport,0 0 500 500
075fe4b0-6f32-3c39-a278-3b35938c21c9.jpg,airport,0 0 500 500
01d35973-e8e7-3409-9931-6227fcb19f5c.jpg,airport,0 0 500 500
229d42ce-88ad-357d-856c-65d1b67391f9.jpg,airport,0 0 500 500
de8a575b-2d13-3f7e-9904-56c9619ab455.jpg,airport,0 0 500 500
1e5e3bb4-fc00-3167-886f-e7db2c6fa8ad.jpg,airport,0 0 500 500
1c03f332-c888-3cac-9e66-e18e7c80d48f.jpg,airport,0 0 500 500
7058aa18-6d1c-35a2-b7d2-274bdc41c1e9.jpg,airport,0 0 500 500
dfcfb27b-62e7-39b3-9501-af47ad40dbba.jpg,airport,0 0 500 500
ba186bb6-cffa-3157-b4dd-93e9f1426f93.jpg,airport,0 0 500 500
77119527-db96-382a-ab1f-3c4e70781435.jpg,airport,0 0 500 500
15f7d870-6418-30f1-8186-7d7a76161687.jpg,airport,0 0 500 500
9aca2f93-6199-38a2-b161-48ac3f7e7989.jpg,airport,0 0 500 500
3a44c5bf-6269-341d-bb5b-3f27efe21ee6.jpg,airport,0 0 500 500
ccd3a9f6-4133-3a1c-a309-3edcfd49bdf0.jpg,airport,0 0 500 500
1c1356d8-55b7-3cb5-bd19-12a921b2373a.jpg,airport,0 0 500 500
fcd441ad-7627-33ce-98e0-5657db8119d0.jpg,airport,0 0 500 500
095dd79c-2347-3449-aae0-379b95f372a2.jpg,airport,0 0 500 500
3133ce43-e96f-311b-ac58-43de57bf6352.jpg,airport,0 0 500 500
f4885e2f-76e2-31d3-a9a5-f62bae65ebda.jpg,airport,0 0 500 500
a664efa1-65d9-3e1a-939f-042d35432b82.jpg,airport,0 0 500 500
7767eb1d-ff04-32a1-8942-b3e03b58cbbb.jpg,airport,0 0 500 500
499581ed-ddea-3b1c-a000-dd13c891cb23.jpg,airport,0 0 500 500
0e16a731-d0a5-36ba-9cae-7d3c3f352806.jpg,airport,0 0 500 500
6550a38b-4904-3198-91db-e8c92e5350c3.jpg,airport,0 0 500 500
eb04041f-37ab-33cc-82b1-1c897115d0e8.jpg,airport,0 0 500 500
e5d68dbd-b69c-3aaf-9d0d-4de92712f8bd.jpg,airport,0 0 500 500
6abf3ae4-6c40-3ad0-962e-427e56eb502e.jpg,airport,0 0 500 500
45413716-10f9-352e-bf9f-b898e4131ac4.jpg,airport,0 0 500 500
b173d9e6-6720-30a4-b545-c77f7892da60.jpg,airport,0 0 500 500
916436d5-d381-3105-9973-99db4241d970.jpg,airport,0 0 500 500
fb362dbd-d3c8-3e9d-a12e-f4cea2c8297a.jpg,airport,0 0 500 500
06cbe05c-b426-3f88-b8c0-21806d7cc34b.jpg,airport,0 0 500 500
1adbbaa7-2210-392b-ac7d-666d9dc8c06d.jpg,airport,0 0 500 500
b6d99891-2b15-302b-b0c1-7ef6623da0c2.jpg,airport,0 0 500 500
ff6e7b97-bf51-37e0-83e7-debee2e22c50.jpg,airport,0 0 500 500
7567460d-4c18-388f-a264-4f6af839fd9f.jpg,airport,0 0 500 500
f42c1b35-92d6-369a-a00e-ce738e6172ca.jpg,airport,0 0 500 500
ffc58acb-78d4-30fb-852d-99ad2c93ac01.jpg,airport,0 0 500 500
5091d690-75de-3b0c-ad15-d9e6f61868e3.jpg,airport,0 0 500 500
4b04b057-7dcb-3735-ac3f-f545eeb6caf2.jpg,airport,0 0 500 500
9d2e8a50-164e-388b-8cb3-488ba8c1f903.jpg,airport,0 0 500 500
ea2b9bca-6c68-3c4b-bea5-b4306a2332dd.jpg,airport,0 0 500 500
6d8e4ab5-9029-3efe-9a72-156f80a266fb.jpg,airport,0 0 500 500
5a485de7-5b7b-33dd-a53f-677ab4e5a628.jpg,airport,0 0 500 500
7d714a98-3b37-3f3f-a43b-9be8b603fa10.jpg,airport,0 0 500 500
85094342-943a-3f81-9ecb-53bdc6d1cc2f.jpg,airport,0 0 500 500
37fd9b7d-a9e2-39ae-a2a9-2683f2333495.jpg,airport,0 0 500 500
6e84eb75-10ce-3058-81e5-974f48c8a58a.jpg,airport,0 0 500 500
bce5339f-65b3-39ef-a3cd-d88b40be91f1.jpg,airport,0 0 500 500
277c2f7a-9125-3e21-a4bc-b93a7779c3b0.jpg,airport,0 0 500 500
b6ddd74d-5305-3c8c-a0ae-7cd465644355.jpg,airport,0 0 500 500
43f6d1fe-ee74-32a4-b239-762c2d3c5b89.jpg,airport,0 0 500 500
0ccb3180-cbb1-3b59-8d5e-f4984ebd942d.jpg,airport,0 0 500 500
fc1131ee-fb64-3fe8-9336-da2c92a37723.jpg,airport,0 0 500 500
71aaf8ea-4aaa-30eb-8c24-ec8dfd263b81.jpg,airport,0 0 500 500
45cde1dd-bf40-3247-a13f-3c9eb07c880f.jpg,airport,0 0 500 500
186450af-f501-3c22-bcac-c25038555a98.jpg,airport,0 0 500 500
28e59e49-80bc-324f-bfed-082310f68ca6.jpg,airport,0 0 500 500
3685e0a8-0300-3654-8b1d-690f93efb90e.jpg,airport,0 0 500 500
eb8fa2f6-dcbb-3ddd-a387-2766432e0701.jpg,airport,0 0 500 500
4eb9051d-9aec-341d-8eec-4ddccab5240f.jpg,airport,0 0 500 500
b6f75954-ec34-3dea-b7f1-cad569699e18.jpg,airport,0 0 500 500
61af6e17-8ab3-3f8d-9201-0cce560b8296.jpg,airport,0 0 500 500
2c304cc6-1ad7-3e26-b042-3be699697ef0.jpg,airport,0 0 500 500
fdf71057-a39b-3bd6-a8ac-2e02359ae1e0.jpg,airport,0 0 500 500
dd6b6544-4493-3377-90a6-bf93c727fda9.jpg,airport,0 0 500 500
38d79c85-a908-3215-a688-b7141e729c7b.jpg,airport,0 0 500 500
84486e53-24a5-3781-ab21-8cb6558f86b6.jpg,airport,0 0 500 500
eec1c297-be36-3af8-89c8-981ce3efcba3.jpg,airport,0 0 500 500
3da2fa84-6123-310d-b608-58526b8d7498.jpg,airport,0 0 500 500
7e7305ce-a8c7-3b27-ae3a-26392950eb3a.jpg,airport,0 0 500 500
a2341c54-9d33-323a-a1d0-3f97e2acbc9e.jpg,airport,0 0 500 500
252628ee-d130-37b4-a709-8d9947dda2b2.jpg,airport,0 0 500 500
e5d09d11-87b3-3356-a724-9018a0f58792.jpg,airport,0 0 500 500
9dad7b26-9cea-3ff8-950c-935fe9cdc4f5.jpg,airport,0 0 500 500
a2b37e3a-939e-32aa-89d1-31453c50e1fe.jpg,airport,0 0 500 500
8ec1c741-48f7-3334-87f6-698799c43619.jpg,airport,0 0 500 500
2927dd21-c366-343c-b674-5f48ef9fb63c.jpg,airport,0 0 500 500
8ae53abf-b1af-344c-afda-f318053b9975.jpg,airport,0 0 500 500
3f0c9c10-e897-3098-aeba-c550e65a55ad.jpg,airport,0 0 500 500
dae90178-8eb2-3a3b-9776-a2f013f20334.jpg,airport,0 0 500 500
f607d8dd-5650-3e04-b84e-1e03de98e3e6.jpg,airport,0 0 500 500
8f773530-a961-3f6a-b033-5db6145f74ea.jpg,airport,0 0 500 500
9068923a-cb04-3b60-8b66-a7738053e084.jpg,airport,0 0 500 500
b6e3362e-6195-3c9f-aaf4-d89f5bdd5545.jpg,airport,0 0 500 500
3e6ea7bd-05d8-3b46-a514-9adff8661528.jpg,airport,0 0 500 500
e5aa09e5-ff13-375e-a897-ff4b49cf2e0f.jpg,airport,0 0 500 500
6455c4e5-5027-330a-8bbc-6a677bef26e5.jpg,airport,0 0 500 500
a783abf8-e14b-3765-9988-d75f5b110da5.jpg,airport,0 0 500 500
6bea90af-2b29-370b-9f0b-53e54c544f33.jpg,airport,0 0 500 500
ab73c869-f434-3276-a1d4-b0ec26f978c9.jpg,airport,0 0 500 500
35f6a295-ed47-39b6-90be-e76ff61c7a81.jpg,airport,0 0 500 500
8ca0c281-b016-3b04-9c38-1e8aeaadd43d.jpg,airport,0 0 500 500
15298aca-111e-3a9a-b8b8-a50bbaae5d2b.jpg,airport,0 0 500 500
58b72315-2447-3ec4-8c6c-4ddae116119f.jpg,airport,0 0 500 500
cf54cc98-be3e-3ebb-a930-c2aad8949297.jpg,airport,0 0 500 500
b299f5f1-e02b-32b8-8ad1-4e5fc7037fbe.jpg,airport,0 0 500 500
f15a2588-f267-3cac-be4f-97e6ac559b88.jpg,airport,0 0 500 500
a3aed7f5-18a4-3406-9fb8-7cce24078a35.jpg,airport,0 0 500 500
00cbedbe-ef3f-394f-8541-6feee7728acf.jpg,airport,0 0 500 500
0cda253e-3ea4-3e45-be6e-603eb4316d72.jpg,airport,0 0 500 500
a61566b0-f29c-312d-9981-4f2e22199f65.jpg,airport,0 0 500 500
4f6e9a42-80e9-312c-a8d7-02fa579d04f2.jpg,airport,0 0 500 500
f4852435-3bc3-39a6-848c-2e2abb8887d5.jpg,airport,0 0 500 500
f53aaceb-7a39-37cc-b4e7-1ef9bcc3b6e4.jpg,airport,0 0 500 500
95442652-72d0-316a-b725-6591c791c709.jpg,airport,0 0 500 500
fb9dca05-6694-3982-a582-d35360644415.jpg,airport,0 0 500 500
975eda9d-4045-3e49-891e-29b28c867c92.jpg,airport,0 0 500 500
fd6b0345-bfbf-38c2-a0b9-ad1eae6fab8f.jpg,airport,0 0 500 500
673048c8-6349-3c73-86f7-e1b6a37aa32b.jpg,airport,0 0 500 500
da9ec145-0042-3c59-8254-4b7e66937985.jpg,airport,0 0 500 500
203eac44-efb4-3616-aa30-ff468d39b02d.jpg,airport,0 0 500 500
f6606566-cfc4-33b6-932b-322489d1c339.jpg,airport,0 0 500 500
8a05c53d-872b-334d-bbe1-092712fde934.jpg,airport,0 0 500 500
ad6a6fe1-4796-3d00-a279-e5d47b1ef7c3.jpg,airport,0 0 500 500
fe182b41-751b-398a-b3c7-2e280b25af0d.jpg,airport,0 0 500 500
6e17de99-4f10-31b3-8f1f-6d82698966ee.jpg,airport,0 0 500 500
c5bf74f6-0ee8-3bc1-899c-e53b4c0d0b3f.jpg,airport,0 0 500 500
ea342325-d3ad-38ba-b17a-89716fa07470.jpg,airport,0 0 500 500
76d1b064-8f12-3b74-80ed-4929a5dc7dba.jpg,airport,0 0 500 500
a948488f-f997-3225-a1a5-a3b1134be86c.jpg,airport,0 0 500 500
38442643-d616-3176-8d9d-d7b87a28cdf2.jpg,airport,0 0 500 500
b829a938-8752-3f20-99e9-020ea99af217.jpg,airport,0 0 500 500
fc57d555-22c4-3a35-b55a-a6cba3191067.jpg,airport,0 0 500 500
8c8f4b78-ef7f-36cf-8722-643e2ec19bc2.jpg,airport,0 0 500 500
f92e01ee-ea45-309f-bdd9-a38319e2ce8b.jpg,airport,0 0 500 500
4eca8320-e94b-3bf7-8aac-4ed6bb199630.jpg,airport,0 0 500 500
914d08e7-7cc6-363e-bfee-fd5776a278a4.jpg,airport,0 0 500 500
70067dac-ad0d-3a7f-961f-31101d3ec5d7.jpg,airport,0 0 500 500
9ff90158-c8e1-3f9d-ae40-71438d6275a7.jpg,airport,0 0 500 500
c3e43153-bed9-3dc9-b206-4c02e58db898.jpg,airport,0 0 500 500
a0458056-2bf4-305d-bdfd-ec8a253fff02.jpg,airport,0 0 500 500
bcdb0aa5-c585-385d-bcde-2e3a47b46c28.jpg,airport,0 0 500 500
02ec8138-3bcd-3d85-bb57-ddb6f1658067.jpg,airport,0 0 500 500
ab244144-f755-379c-9fd0-48596e32c63a.jpg,airport,0 0 500 500
4b0f6bf4-5872-3db6-b930-27769454f1e9.jpg,airport,0 0 500 500
15691453-7e8b-3d32-83d8-2ecaa3ec5e8d.jpg,airport,0 0 500 500
f2b61e72-651a-392c-b546-2caffde21094.jpg,airport,0 0 500 500
f967f2f0-9bfe-3ace-90c9-c4be72060748.jpg,airport,0 0 500 500
80e73c76-8fed-3398-bac6-7c623a3ab702.jpg,airport,0 0 500 500
39074e8e-a769-3122-ac08-87d376d6c2a8.jpg,airport,0 0 500 500
02d92273-74d2-39ef-b623-d30a8f3a97ac.jpg,airport,0 0 500 500
7d650fe8-9e56-3033-a42a-6f63586c7d3f.jpg,airport,0 0 500 500
dc5de8e1-ef54-384f-8486-918de766c682.jpg,airport,0 0 500 500
4c4545ac-cfea-3052-a7ce-b6c0b01607fa.jpg,airport,0 0 500 500
3f72f651-d7d5-396e-b95b-947bfa84013b.jpg,airport,0 0 500 500
6df3b76b-2a90-35b3-a037-13c2708b0f11.jpg,airport,0 0 500 500
e11f3f1d-ba73-3a37-a753-110fecb2fb59.jpg,airport,0 0 500 500
cb2e352e-2ff8-391f-958a-99e4b3d95ba4.jpg,airport,0 0 500 500
74b48652-e5d9-3355-b8d5-510d9ac074e3.jpg,airport,0 0 500 500
8f7faa98-3911-3c5a-8f33-5dc86000834a.jpg,airport,0 0 500 500
7f36c01b-5897-311f-a9cf-5156814a4ef0.jpg,airport,0 0 500 500
5bcb66be-6e1f-3ea6-866b-b634bf60f2b7.jpg,airport,0 0 500 500
a9d36b49-4902-350d-b5cb-5a307601d875.jpg,airport,0 0 500 500
0278d7ba-780b-3dbb-8efb-2810f69e6432.jpg,airport,0 0 500 500
5bc80412-08d6-3411-986e-d21397f0c234.jpg,airport,0 0 500 500
df255d66-0f68-324f-9248-12d0cf113083.jpg,airport,0 0 500 500
04012368-d4ef-33b0-a952-f1a0b449d535.jpg,airport,0 0 500 500
18393e42-f9c6-3d0b-be7e-104a327e8610.jpg,airport,0 0 500 500
203e9ba2-544e-34ef-b9a3-d0c8184203e0.jpg,airport,0 0 500 500
dd4f8723-39e5-3d52-bc9d-81cdd855ea8c.jpg,airport,0 0 500 500
a5656024-e2dd-39ee-beef-364550f621e4.jpg,airport,0 0 500 500
0140f346-5b53-3b48-93b7-f70d4530f1b6.jpg,airport,0 0 500 500
24f622c8-3e04-3ded-9920-f0bd13b3486c.jpg,airport,0 0 500 500
6751ae87-c704-3a77-b810-c34cc0901262.jpg,airport,0 0 500 500
7da80145-e46a-30e6-8f7e-2471bafdb0a0.jpg,airport,0 0 500 500
68845c80-eb61-36db-9b73-33ac21516995.jpg,airport,0 0 500 500
8679c7e8-f1af-3d21-87d6-0f202e4d2872.jpg,airport,0 0 500 500
27fe51cf-b935-3cec-af1a-0db266eb2f7e.jpg,airport,0 0 500 500
88ab9717-e37a-36f2-93a4-e42ab851983f.jpg,airport,0 0 500 500
f35db990-3ebc-312c-9d45-de2dcc79e8e9.jpg,airport,0 0 500 500
25697ac8-9cd0-3276-b6f0-99b2653f0285.jpg,airport,0 0 500 500
f71c6cb5-c9d3-31e0-b392-1db0c113c481.jpg,airport,0 0 500 500
fe189ad4-29be-309b-a4cf-2feb062738a1.jpg,airport,0 0 500 500
a782d4c6-d42a-31a6-9cce-f7a0d792df27.jpg,airport,0 0 500 500
2361edf9-4d48-3aea-b117-6d2ef89244ff.jpg,airport,0 0 500 500
2fd1cb88-fb12-3b1d-bb93-d88d95b3a1fe.jpg,airport,0 0 500 500
7b400125-4e71-3970-a890-351b4df0cc41.jpg,airport,0 0 500 500
d5f65c29-2e32-3390-9009-1b34797c8ebd.jpg,airport,0 0 500 500
cbc7e8e3-6552-3342-8b7a-c7e73ecb4cac.jpg,airport,0 0 500 500
8633d7f2-eec4-34f3-92d6-bc66e3aa5e22.jpg,airport,0 0 500 500
f984bce8-3293-39e0-9545-985e598bd838.jpg,airport,0 0 500 500
d4cc2f62-e5f6-3245-a7c9-884cbb01bc60.jpg,airport,0 0 500 500
01536254-7a92-3f31-b5a0-24132604ce41.jpg,airport,0 0 500 500
75990119-f4df-3950-8a65-c8d452ec13cc.jpg,airport,0 0 500 500
75e7f5d8-2667-3b8c-8b42-725dde37ea34.jpg,airport,0 0 500 500
c75e496d-a124-36fb-89f5-2e802b27ae22.jpg,airport,0 0 500 500
0ff89f53-9238-385d-ad1f-e356b6e9548b.jpg,airport,0 0 500 500
d529f218-ca9e-3a64-a23e-68c859e7c04d.jpg,airport,0 0 500 500
cec38bf0-cdd9-3c53-a42d-6f5bacaf5565.jpg,airport,0 0 500 500
242e66f9-63c1-34ee-b9b3-62e3d00e4a83.jpg,airport,0 0 500 500
15975d9c-2d92-38dd-b453-c5a82b7f017c.jpg,airport,0 0 500 500
c16c403b-174b-38b3-8475-d56f074b6c5e.jpg,airport,0 0 500 500
556eda6b-4c6e-312c-8356-1ef6d9cae7b1.jpg,airport,0 0 500 500
cc392646-1130-3f5f-b4ea-81d26720271a.jpg,airport,0 0 500 500
cdccf6b9-c2b1-38a3-bc05-27d045f0a057.jpg,airport,0 0 500 500
4d121197-7096-39cc-89e9-ef5aaf507744.jpg,airport,0 0 500 500
a19a3188-848a-3f4a-bae6-8cceec48a561.jpg,airport,0 0 500 500
c4e368c1-404c-336f-ab22-f10ef352f18e.jpg,airport,0 0 500 500
3430f2a0-8aad-3af8-be34-14f5c73129e8.jpg,airport,0 0 500 500
4da9f102-ab65-34db-b2ea-c0f664bac66d.jpg,airport,0 0 500 500
0526a159-6bae-3333-9dfa-117d9b39fd00.jpg,airport,0 0 500 500
b37c9ef6-9b2e-322d-86d3-50e0491ea682.jpg,airport,0 0 500 500
7c5b92b1-b518-317b-bcc2-638e1216f6e6.jpg,airport,0 0 500 500
502089a8-263d-351c-bde0-4b0bd5879043.jpg,airport,0 0 500 500
ca484ee8-23ff-3333-8200-e2d52923891a.jpg,airport,0 0 500 500
207f8cfa-d3b0-3c36-98f1-67aee83e50c1.jpg,airport,0 0 500 500
0f9da831-fa3c-364e-802d-11302db33be7.jpg,airport,0 0 500 500
2a2410b0-e311-308a-a405-135c13677861.jpg,airport,0 0 500 500
dab0b4fb-7bbb-3f2a-9729-56e847da1ecc.jpg,airport,0 0 500 500
1f39ad60-ab8b-322d-8b71-e2e28929223a.jpg,airport,0 0 500 500
28c7b175-47da-391b-aa18-f645d8c6295c.jpg,airport,0 0 500 500
34323c13-c04b-39c2-93b3-5c5d1bbe36e1.jpg,airport,0 0 500 500
a171f3f5-3ef3-3e03-b202-849dcfa633b6.jpg,airport,0 0 500 500
a254f193-4bb0-3b88-8b7a-bee2fcf5aa17.jpg,airport,0 0 500 500
950fddb9-de93-3d39-8d1f-f7176cd1b612.jpg,airport,0 0 500 500
cf3dc17d-dc3a-379c-abe5-44abde2bb19f.jpg,airport,0 0 500 500
a48148ca-ed2b-3f86-b1f9-e27592f639ea.jpg,airport,0 0 500 500
7735a6d0-cc51-336d-91a6-9a44ad137832.jpg,airport,0 0 500 500
c68c5946-3c37-32bf-b22d-ca1a87da2686.jpg,airport,0 0 500 500
9af7b9ec-a2ea-305e-b04d-fe571823a3bc.jpg,airport,0 0 500 500
376f015a-0204-35d0-b1b3-7334dcba813e.jpg,airport,0 0 500 500
a767c122-e133-368a-9a44-6a7fc314ce98.jpg,airport,0 0 500 500
3e724ab4-3ec6-3cc5-bd6f-753efeff592a.jpg,airport,0 0 500 500
d81d5710-fafc-33c2-a2ab-d4b1df0de81b.jpg,airport,0 0 500 500
9dbc5149-7774-30f0-b49a-bca1783247c4.jpg,airport,0 0 500 500
1dc6c787-7eee-3e0c-bb5a-1448e7d472d9.jpg,airport,0 0 500 500
1d7a9417-ff19-3d09-a2b2-a6b887f3efd4.jpg,airport,0 0 500 500
5c853d1b-b459-3da2-9822-d6a1af139ff7.jpg,airport,0 0 500 500
e99333cd-b69b-3f37-a008-566d2310fbe4.jpg,airport,0 0 500 500
eabf4109-b361-34c8-b15b-53efa25cc8f0.jpg,airport,0 0 500 500
9811edb4-4efe-3359-bddc-762abc554530.jpg,airport,0 0 500 500
ace816b7-19c0-3fd4-b8ee-943c320406ab.jpg,airport,0 0 500 500
748caff5-508c-37dc-acd7-a5e8e7c71ac4.jpg,airport,0 0 500 500
d322bfd0-0632-3f7b-be3d-e42cdc374966.jpg,airport,0 0 500 500
9787c5d4-7090-3be5-85b5-f41c609061ee.jpg,airport,0 0 500 500
edfe52a6-835b-3825-963c-e232e7162adb.jpg,airport,0 0 500 500
e4388aee-ebfb-3ab7-9787-6cd3f9818bd4.jpg,airport,0 0 500 500
5cb17a70-6a89-3aa1-921f-4e6ff3c2f121.jpg,airport,0 0 500 500
647688dc-9eea-33ea-b3e7-d3bf5586c8a9.jpg,airport,0 0 500 500
9bcabb78-c8a8-37c5-bb6d-7d4966577d04.jpg,airport,0 0 500 500
75a401b8-e6b5-3c34-9b91-3775e4f36c5b.jpg,airport,0 0 500 500
b7e5d598-e80b-3230-979d-090dedbb794e.jpg,airport,0 0 500 500
881b5bfa-d570-3890-aa1e-41c464c69954.jpg,airport,0 0 500 500
edb781e1-700c-3912-a9aa-4bf939ebddfb.jpg,airport,0 0 500 500
2d4e5782-ea84-3e13-b600-6591e8e5a1c2.jpg,airport,0 0 500 500
d5e41aa6-304d-3018-8145-09bcc4703cdb.jpg,airport,0 0 500 500
cb737686-7d37-3900-8a75-4a31bb9c0d33.jpg,airport,0 0 500 500
e083a97d-72af-31e9-bcc1-443a6754cac2.jpg,airport,0 0 500 500
31c937d0-8f62-3591-b9e8-ce2af5ea2cd2.jpg,airport,0 0 500 500
d8214fee-b069-3cc8-aa79-4cf2d8bd68f7.jpg,airport,0 0 500 500
d658abe5-3954-367e-81ec-7f8c4aaed968.jpg,airport,0 0 500 500
78a062b3-957f-32da-beef-936d90f968f9.jpg,airport,0 0 500 500
40f57274-d292-36ed-82a1-aa6c7e9e5938.jpg,airport,0 0 500 500
c71ef4b7-4b90-3d9f-a1ce-2231e3e5a93d.jpg,airport,0 0 500 500
c98ef088-5dc9-339c-866c-0bcaca1a8ed0.jpg,airport,0 0 500 500
f8b54702-a019-3cf7-bdf8-7be3306d77f9.jpg,airport,0 0 500 500
0bc41505-700d-3aa7-83b8-00d0bd26f621.jpg,airport,0 0 500 500
46e0778b-cae0-38a3-9799-b1a8d93fae82.jpg,airport,0 0 500 500
46fbbf5d-f150-323a-a9d8-42fdc4c0c7e3.jpg,airport,0 0 500 500
09a72e27-6a94-3592-a5c4-e388fdb3d3eb.jpg,airport,0 0 500 500
7cff9d5b-bcb0-3845-9f33-109b2a14c42d.jpg,airport,0 0 500 500
8fab512f-9b0b-3ac9-b5a5-48db6be4f5c7.jpg,airport,0 0 500 500
f5627f5f-f6f8-345e-8789-4284ec82a769.jpg,airport,0 0 500 500
75f701cb-5b25-3bad-92e1-7ee66fecf8b7.jpg,airport,0 0 500 500
965f7667-aa4b-3bca-8779-9056e3704800.jpg,airport,0 0 500 500
e5422abc-11aa-3bf4-b202-10ae030fd667.jpg,airport,0 0 500 500
6e37325c-a680-3b6e-bafd-c8565b7a6d49.jpg,airport,0 0 500 500
90c0d446-ee15-334c-ac41-5e6664254d3f.jpg,airport,0 0 500 500
832096ae-b3ee-3380-b979-d9d548dc7b02.jpg,airport,0 0 500 500
097bf3f9-7a5c-3f78-ac65-b2c10197aa9f.jpg,airport,0 0 500 500
a05c9db2-a2b2-3f23-9ed2-26e94a8bd6d7.jpg,airport,0 0 500 500
29b8814c-2476-328c-8b32-d655fbe43512.jpg,airport,0 0 500 500
22337d3b-733c-34f6-a5dd-a954debc1862.jpg,airport,0 0 500 500
128860e5-a1eb-3753-a137-ddf016e898d3.jpg,airport,0 0 500 500
5b45d524-8379-39b9-95b2-dcf4f37f17b2.jpg,airport,0 0 500 500
3ff434e6-5c60-3128-8229-3625625661ee.jpg,airport,0 0 500 500
ed5b8319-4ee9-3907-9fc9-d53bfa46b01c.jpg,airport,0 0 500 500
217c4d65-9dd0-33c7-9146-e338e93feda6.jpg,airport,0 0 500 500
9852d5b5-a887-3ce2-aa9c-3129520234a4.jpg,airport,0 0 500 500
92cfa749-6da4-3c68-83c5-d17b1fd5e472.jpg,airport,0 0 500 500
5dcbdc01-5d12-3881-a9da-dcd65835c121.jpg,airport,0 0 500 500
1d038349-2190-367a-ade6-1561f015a283.jpg,airport,0 0 500 500
cbbe2295-90de-3703-bd7e-8673dbae3a8e.jpg,airport,0 0 500 500
e1e42732-0169-395b-bbbf-0e1eec2b37bb.jpg,airport,0 0 500 500
dd50a09d-3782-3f2e-af51-b650b91af011.jpg,airport,0 0 500 500
bb5ac473-ea8c-3a5d-968a-df2ef0d8a619.jpg,airport,0 0 500 500
44c553f9-1875-3e27-89a7-bc4c41c8bdf4.jpg,airport,0 0 500 500
b0acf3e6-2eba-345f-a44d-fed996146105.jpg,airport,0 0 500 500
c259fd3b-c2d9-3892-8af7-01b6889756f4.jpg,airport,0 0 500 500
2bf2a79d-9b61-36b9-ade7-b2cf2d333a04.jpg,airport,0 0 500 500
dbe848f5-6549-3ed4-9999-aebad0fbfc3a.jpg,airport,0 0 500 500
6f5fc08e-118c-3fa4-942f-b5d0f581548b.jpg,airport,0 0 500 500
971a1df8-d99e-3ded-aac8-eb1e1f0115ce.jpg,airport,0 0 500 500
9c497b45-e74c-3a5b-8f01-041d87f33bb6.jpg,airport,0 0 500 500
0a76c189-995f-3be6-b2e5-4be9f1bf4d8b.jpg,airport,0 0 500 500
70e2e8ff-a8d7-3d14-a318-b3e748ef0e01.jpg,airport,0 0 500 500
fd311f50-a230-3e08-b221-455d9bf59ca9.jpg,airport,0 0 500 500
bead8617-87e4-3c33-a364-040cc53cb5d8.jpg,airport,0 0 500 500
a048b220-46a9-3fb3-8c53-9ac7baee1fd2.jpg,airport,0 0 500 500
4b69e368-8309-341c-955a-359aa98fdc3f.jpg,airport,0 0 500 500
8664775f-eee2-3131-935b-3d9fdb1bd5d5.jpg,airport,0 0 500 500
81266d64-6e74-32f4-96ed-20a8cba13004.jpg,airport,0 0 500 500
f1547f94-c06f-3c45-a064-b8c7f9814d6f.jpg,airport,0 0 500 500
5a52a401-98c8-38d2-8ea8-33d4ae206fb3.jpg,airport,0 0 500 500
5b0ba483-759e-37d0-a893-fa25d3c6c1f8.jpg,airport,0 0 500 500
79a54af7-92be-310f-b722-3813e13372fe.jpg,airport,0 0 500 500
f85e8be1-5ef9-32c6-b89f-dfde1f14ba1e.jpg,airport,0 0 500 500
8860e77d-96d1-3c65-a9fe-763ead1f3627.jpg,airport,0 0 500 500
937ae852-f1fe-38a1-a187-0d706f579b8e.jpg,airport,0 0 500 500
a3387840-effe-31b9-ab11-dd7c04d2af53.jpg,airport,0 0 500 500
c2a4399d-bf82-35d1-a934-fd836d095704.jpg,airport,0 0 500 500
f4ca5032-c2ab-3002-93dd-76b687ef31f9.jpg,airport,0 0 500 500
517c7e23-d418-304c-a194-b8d5c0dfdc5c.jpg,airport,0 0 500 500
e3563bd6-a5af-3882-9aad-b1a00e01482e.jpg,airport,0 0 500 500
2481f14e-c00d-384c-b6e9-4f9e1d50ce6b.jpg,airport,0 0 500 500
3a29aa34-fa4d-3fd6-99a7-62240974cd94.jpg,airport,0 0 500 500
972501af-6938-32fd-8915-70519def194d.jpg,airport,0 0 500 500
cdcfed8f-9d34-3f46-b6e3-ded776e0ab05.jpg,airport,0 0 500 500
101e9ffa-059b-3cd8-ba35-bedcb2853867.jpg,airport,0 0 500 500
ccfe7633-44ee-326c-a852-1555dcd9bd42.jpg,airport,0 0 500 500
f4e4b14f-f827-38ae-a926-73c4ee57f633.jpg,airport,0 0 500 500
c380cdbf-e0dc-3034-a320-aec1c42a48ad.jpg,airport,0 0 500 500
a9fed9c1-e340-3fbf-9cb4-f031c9381773.jpg,airport,0 0 500 500
f8da308f-3048-3dc5-9088-03e6e25a6053.jpg,airport,0 0 500 500
58c9b7a4-d1eb-3812-91fd-9ffd9e36b952.jpg,airport,0 0 500 500
6402d52f-3d7d-3341-b687-b4609c725cd7.jpg,airport,0 0 500 500
40bc4176-90e2-3491-8732-9513a5e437e6.jpg,airport,0 0 500 500
c2b432af-a2e9-3411-aec8-d8adf0108bd1.jpg,airport,0 0 500 500
02f58e98-ddf9-36dc-9c0a-8ebfb85e778b.jpg,airport,0 0 500 500
ba328520-2e2a-3f2e-a504-d69cda28a84b.jpg,airport,0 0 500 500
9b7506fe-b51f-31e7-994b-31f4dea235a7.jpg,airport,0 0 500 500
37b1231c-bc16-3033-aaa5-22e2df4b45a0.jpg,airport,0 0 500 500
0acc3838-bcf9-3310-b571-31a688675355.jpg,airport,0 0 500 500
2535e62c-a7e9-39cd-a6c9-5cb51dda9c63.jpg,airport,0 0 500 500
cd1cade9-cd9f-3976-aa29-7c1214c7efad.jpg,airport,0 0 500 500
0ea41f4a-d3d4-3d70-b994-d02c9f84c6d5.jpg,airport,0 0 500 500
1f9b3a78-e93c-35c5-8d3e-9379e7f0e5b5.jpg,airport,0 0 500 500
3c554d06-51d4-3ca6-8161-4546dd47e52a.jpg,airport,0 0 500 500
9efbcb6d-797c-3e4b-b57e-224ce143501b.jpg,airport,0 0 500 500
8f28ef81-236b-3fc7-8415-c7d307391455.jpg,airport,0 0 500 500
92d0c24d-c1f1-3573-bc33-0236b662f8c2.jpg,airport,0 0 500 500
54b639e7-2f5c-32a9-ba2a-84f8b47c9509.jpg,airport,0 0 500 500
acc75b8c-3a07-363d-9d1d-0c83ca6cff07.jpg,airport,0 0 500 500
568bffd6-1a20-320d-8cab-4f61b686ddd8.jpg,airport,0 0 500 500
bf095e79-1126-32a7-ba24-dbf7f42936a5.jpg,airport,0 0 500 500
d9d2be5c-4813-34d4-926e-0ce01d8531e2.jpg,airport,0 0 500 500
6d373d8a-168c-35c5-86af-db288592a55c.jpg,airport,0 0 500 500
5f80e33d-c5f8-312c-a974-ef96364b3187.jpg,airport,0 0 500 500
dcc2b8a5-8beb-3e74-84de-9487892c578d.jpg,airport,0 0 500 500
a1188a01-8185-3a77-9632-b2111b1bad7a.jpg,airport,0 0 500 500
3456f582-35ed-319f-97bc-2fb2e79b5973.jpg,airport,0 0 500 500
06789d1d-6a40-3353-9dc9-bc87c8386754.jpg,airport,0 0 500 500
f21744ed-2969-3883-9e3d-4d0a68885d46.jpg,airport,0 0 500 500
b08932bb-a911-344c-b144-89bc0e0f55a7.jpg,airport,0 0 500 500
a68ec293-ac45-3688-8883-88dbed5f1660.jpg,airport,0 0 500 500
ff97b954-4096-37d5-a5c4-4c16a1ad3e01.jpg,airport,0 0 500 500
